<?xml version="1.0" encoding="utf-8"?>
<!DOCTYPE install PUBLIC "-//Joomla! 1.5//DTD plugin 1.0//EN" "http://www.joomla.org/xml/dtd/1.5/plugin-install.dtd">
<extension version="2.5" type="plugin" group="editors-xtd" method="upgrade">
	<name>Editor Button - Back Button</name>
	<author>Wojciech Smoliński</author>
	<creationDate>June  2011</creationDate>
	<copyright>copyright (c) Wojciech Smoliński, 2011. All rights  reserved</copyright>
	<license>http://www.gnu.org/licenses/gpl-2.0.html GNU/GPL</license>
	<authorEmail>wojsmol@wp.pl</authorEmail>
	<authorUrl></authorUrl>
	<version>1.1.3</version>
	<description>EBBBDESCRIPTION</description>
	<files>
		<filename plugin="backbutton">backbutton.php</filename>
		<folder>language</folder>
	</files>
	<config />
</extension>
